dimension,kind,label,count,share,ci_low,ci_high,under_represented,small_group
age,age,30-45,12489,0.3836,37.8,38.9,false,false
age,age,18-30,9316,0.2861,28.1,29.1,false,false
age,age,45-60,7717,0.2370,23.2,24.2,false,false
age,age,60-75,2358,0.0724,7.0,7.5,false,false
age,age,0-18,395,0.0121,1.1,1.3,true,false
age,age,75+,286,0.0088,0.8,1.0,true,false
workclass,categorical,Private,22696,0.6970,69.2,70.2,false,false
workclass,categorical,Self-emp-not-inc,2541,0.0780,7.5,8.1,false,false
workclass,categorical,Local-gov,2093,0.0643,6.2,6.7,false,false
workclass,categorical,?,1836,0.0564,5.4,5.9,false,false
workclass,categorical,State-gov,1298,0.0399,3.8,4.2,true,false
workclass,categorical,Self-emp-inc,1116,0.0343,3.2,3.6,true,false
workclass,categorical,Federal-gov,960,0.0295,2.8,3.1,true,false
workclass,categorical,Without-pay,14,0.0004,0.0,0.1,true,true
workclass,categorical,Never-worked,7,0.0002,0.0,0.0,true,true
education,categorical,HS-grad,10501,0.3225,31.7,32.8,false,false
education,categorical,Some-college,7291,0.2239,21.9,22.9,false,false
education,categorical,Bachelors,5355,0.1645,16.1,16.9,false,false
education,categorical,Masters,1723,0.0529,5.1,5.5,false,false
education,categorical,Assoc-voc,1382,0.0424,4.0,4.5,true,false
education,categorical,11th,1175,0.0361,3.4,3.8,true,false
education,categorical,Assoc-acdm,1067,0.0328,3.1,3.5,true,false
education,categorical,10th,933,0.0287,2.7,3.0,true,false
education,categorical,7th-8th,646,0.0198,1.8,2.1,true,false
education,categorical,Prof-school,576,0.0177,1.6,1.9,true,false
education,categorical,9th,514,0.0158,1.5,1.7,true,false
education,categorical,12th,433,0.0133,1.2,1.5,true,false
education,categorical,Doctorate,413,0.0127,1.1,1.4,true,false
education,categorical,5th-6th,333,0.0102,0.9,1.1,true,false
education,categorical,1st-4th,168,0.0052,0.4,0.6,true,false
education,categorical,Preschool,51,0.0016,0.1,0.2,true,true
education.num,categorical,9,10501,0.3225,31.7,32.8,false,false
education.num,categorical,10,7291,0.2239,21.9,22.9,false,false
education.num,categorical,13,5355,0.1645,16.1,16.9,false,false
education.num,categorical,14,1723,0.0529,5.1,5.5,false,false
education.num,categorical,11,1382,0.0424,4.0,4.5,true,false
education.num,categorical,7,1175,0.0361,3.4,3.8,true,false
education.num,categorical,12,1067,0.0328,3.1,3.5,true,false
education.num,categorical,6,933,0.0287,2.7,3.0,true,false
education.num,categorical,4,646,0.0198,1.8,2.1,true,false
education.num,categorical,15,576,0.0177,1.6,1.9,true,false
education.num,categorical,5,514,0.0158,1.5,1.7,true,false
education.num,categorical,8,433,0.0133,1.2,1.5,true,false
education.num,categorical,16,413,0.0127,1.1,1.4,true,false
education.num,categorical,3,333,0.0102,0.9,1.1,true,false
education.num,categorical,2,168,0.0052,0.4,0.6,true,false
education.num,categorical,1,51,0.0016,0.1,0.2,true,true
marital.status,categorical,Married-civ-spouse,14976,0.4599,45.5,46.5,false,false
marital.status,categorical,Never-married,10683,0.3281,32.3,33.3,false,false
marital.status,categorical,Divorced,4443,0.1365,13.3,14.0,false,false
marital.status,categorical,Separated,1025,0.0315,3.0,3.3,true,false
marital.status,categorical,Widowed,993,0.0305,2.9,3.2,true,false
marital.status,categorical,Married-spouse-absent,418,0.0128,1.2,1.4,true,false
marital.status,categorical,Married-AF-spouse,23,0.0007,0.1,0.1,true,true
occupation,categorical,Prof-specialty,4140,0.1271,12.4,13.1,false,false
occupation,categorical,Craft-repair,4099,0.1259,12.2,13.0,false,false
occupation,categorical,Exec-managerial,4066,0.1249,12.1,12.8,false,false
occupation,categorical,Adm-clerical,3770,0.1158,11.2,11.9,false,false
occupation,categorical,Sales,3650,0.1121,10.9,11.6,false,false
occupation,categorical,Other-service,3295,0.1012,9.8,10.4,false,false
occupation,categorical,Machine-op-inspct,2002,0.0615,5.9,6.4,false,false
occupation,categorical,?,1843,0.0566,5.4,5.9,false,false
occupation,categorical,Transport-moving,1597,0.0490,4.7,5.1,true,false
occupation,categorical,Handlers-cleaners,1370,0.0421,4.0,4.4,true,false
occupation,categorical,Farming-fishing,994,0.0305,2.9,3.2,true,false
occupation,categorical,Tech-support,928,0.0285,2.7,3.0,true,false
occupation,categorical,Protective-serv,649,0.0199,1.8,2.1,true,false
occupation,categorical,Priv-house-serv,149,0.0046,0.4,0.5,true,false
occupation,categorical,Armed-Forces,9,0.0003,0.0,0.1,true,true
relationship,categorical,Husband,13193,0.4052,40.0,41.0,false,false
relationship,categorical,Not-in-family,8305,0.2551,25.0,26.0,false,false
relationship,categorical,Own-child,5068,0.1556,15.2,16.0,false,false
relationship,categorical,Unmarried,3446,0.1058,10.2,10.9,false,false
relationship,categorical,Wife,1568,0.0482,4.6,5.1,true,false
relationship,categorical,Other-relative,981,0.0301,2.8,3.2,true,false
race,race,White,27816,0.8543,85.0,85.8,false,false
race,race,Black,3124,0.0959,9.3,9.9,false,false
race,race,Asian-Pac-Islander,1039,0.0319,3.0,3.4,true,false
race,race,Amer-Indian-Eskimo,311,0.0096,0.9,1.1,true,false
race,race,Other,271,0.0083,0.7,0.9,true,false
sex,sex,Male,21790,0.6692,66.4,67.4,false,false
sex,sex,Female,10771,0.3308,32.6,33.6,false,false
native.country,geography,United-States,29170,0.8959,89.2,89.9,false,false
native.country,geography,Mexico,643,0.0197,1.8,2.1,true,false
native.country,geography,?,583,0.0179,1.7,1.9,true,false
native.country,geography,Philippines,198,0.0061,0.5,0.7,true,false
native.country,geography,Germany,137,0.0042,0.4,0.5,true,false
native.country,geography,Canada,121,0.0037,0.3,0.4,true,false
native.country,geography,Puerto-Rico,114,0.0035,0.3,0.4,true,false
native.country,geography,El-Salvador,106,0.0033,0.3,0.4,true,false
native.country,geography,India,100,0.0031,0.2,0.4,true,false
native.country,geography,Cuba,95,0.0029,0.2,0.4,true,true
native.country,geography,England,90,0.0028,0.2,0.3,true,true
native.country,geography,Jamaica,81,0.0025,0.2,0.3,true,true
native.country,geography,South,80,0.0025,0.2,0.3,true,true
native.country,geography,China,75,0.0023,0.2,0.3,true,true
native.country,geography,Italy,73,0.0022,0.2,0.3,true,true
native.country,geography,Dominican-Republic,70,0.0021,0.2,0.3,true,true
native.country,geography,Vietnam,67,0.0021,0.2,0.3,true,true
native.country,geography,Guatemala,64,0.0020,0.1,0.2,true,true
native.country,geography,Japan,62,0.0019,0.1,0.2,true,true
native.country,geography,Poland,60,0.0018,0.1,0.2,true,true
native.country,geography,Columbia,59,0.0018,0.1,0.2,true,true
native.country,geography,Taiwan,51,0.0016,0.1,0.2,true,true
native.country,geography,Haiti,44,0.0014,0.1,0.2,true,true
native.country,geography,Iran,43,0.0013,0.1,0.2,true,true
native.country,geography,Portugal,37,0.0011,0.1,0.2,true,true
native.country,geography,Nicaragua,34,0.0010,0.1,0.1,true,true
native.country,geography,Peru,31,0.0010,0.1,0.1,true,true
native.country,geography,France,29,0.0009,0.1,0.1,true,true
native.country,geography,Greece,29,0.0009,0.1,0.1,true,true
native.country,geography,Ecuador,28,0.0009,0.1,0.1,true,true
native.country,geography,Ireland,24,0.0007,0.1,0.1,true,true
native.country,geography,Hong,20,0.0006,0.0,0.1,true,true
native.country,geography,Cambodia,19,0.0006,0.0,0.1,true,true
native.country,geography,Trinadad&Tobago,19,0.0006,0.0,0.1,true,true
native.country,geography,Laos,18,0.0006,0.0,0.1,true,true
native.country,geography,Thailand,18,0.0006,0.0,0.1,true,true
native.country,geography,Yugoslavia,16,0.0005,0.0,0.1,true,true
native.country,geography,Outlying-US(Guam-USVI-etc),14,0.0004,0.0,0.1,true,true
native.country,geography,Honduras,13,0.0004,0.0,0.1,true,true
native.country,geography,Hungary,13,0.0004,0.0,0.1,true,true
native.country,geography,Scotland,12,0.0004,0.0,0.1,true,true
native.country,geography,Holand-Netherlands,1,0.0000,0.0,0.0,true,true
income,categorical,<=50K,24720,0.7592,75.4,76.4,false,false
income,categorical,>50K,7841,0.2408,23.6,24.6,false,false

# metadata
flags: age: '0-18' is under-represented (1.2%); age: '75+' is under-represented (0.9%); age: imbalance ratio 43.7× between largest and smallest group; workclass: 'State-gov' is under-represented (4.0%); workclass: 'Self-emp-inc' is under-represented (3.4%); workclass: 'Federal-gov' is under-represented (2.9%); workclass: 'Without-pay' is under-represented (0.0%); workclass: 'Without-pay' has only 14 rows; fairness metrics may be unreliable; workclass: 'Never-worked' is under-represented (0.0%); workclass: 'Never-worked' has only 7 rows; fairness metrics may be unreliable; workclass: imbalance ratio 3242.3× between largest and smallest group; education: 'Assoc-voc' is under-represented (4.2%); education: '11th' is under-represented (3.6%); education: 'Assoc-acdm' is under-represented (3.3%); education: '10th' is under-represented (2.9%); education: '7th-8th' is under-represented (2.0%); education: 'Prof-school' is under-represented (1.8%); education: '9th' is under-represented (1.6%); education: '12th' is under-represented (1.3%); education: 'Doctorate' is under-represented (1.3%); education: '5th-6th' is under-represented (1.0%); education: '1st-4th' is under-represented (0.5%); education: 'Preschool' is under-represented (0.2%); education: 'Preschool' has only 51 rows; fairness metrics may be unreliable; education: imbalance ratio 205.9× between largest and smallest group; education.num: '11' is under-represented (4.2%); education.num: '7' is under-represented (3.6%); education.num: '12' is under-represented (3.3%); education.num: '6' is under-represented (2.9%); education.num: '4' is under-represented (2.0%); education.num: '15' is under-represented (1.8%); education.num: '5' is under-represented (1.6%); education.num: '8' is under-represented (1.3%); education.num: '16' is under-represented (1.3%); education.num: '3' is under-represented (1.0%); education.num: '2' is under-represented (0.5%); education.num: '1' is under-represented (0.2%); education.num: '1' has only 51 rows; fairness metrics may be unreliable; education.num: imbalance ratio 205.9× between largest and smallest group; marital.status: 'Separated' is under-represented (3.1%); marital.status: 'Widowed' is under-represented (3.0%); marital.status: 'Married-spouse-absent' is under-represented (1.3%); marital.status: 'Married-AF-spouse' is under-represented (0.1%); marital.status: 'Married-AF-spouse' has only 23 rows; fairness metrics may be unreliable; marital.status: imbalance ratio 651.1× between largest and smallest group; occupation: 'Transport-moving' is under-represented (4.9%); occupation: 'Handlers-cleaners' is under-represented (4.2%); occupation: 'Farming-fishing' is under-represented (3.1%); occupation: 'Tech-support' is under-represented (2.9%); occupation: 'Protective-serv' is under-represented (2.0%); occupation: 'Priv-house-serv' is under-represented (0.5%); occupation: 'Armed-Forces' is under-represented (0.0%); occupation: 'Armed-Forces' has only 9 rows; fairness metrics may be unreliable; occupation: imbalance ratio 460.0× between largest and smallest group; relationship: 'Wife' is under-represented (4.8%); relationship: 'Other-relative' is under-represented (3.0%); relationship: imbalance ratio 13.4× between largest and smallest group; race: 'Asian-Pac-Islander' is under-represented (3.2%); race: 'Amer-Indian-Eskimo' is under-represented (1.0%); race: 'Other' is under-represented (0.8%); race: imbalance ratio 102.6× between largest and smallest group; native.country: 'Mexico' is under-represented (2.0%); native.country: '?' is under-represented (1.8%); native.country: 'Philippines' is under-represented (0.6%); native.country: 'Germany' is under-represented (0.4%); native.country: 'Canada' is under-represented (0.4%); native.country: 'Puerto-Rico' is under-represented (0.4%); native.country: 'El-Salvador' is under-represented (0.3%); native.country: 'India' is under-represented (0.3%); native.country: 'Cuba' is under-represented (0.3%); native.country: 'Cuba' has only 95 rows; fairness metrics may be unreliable; native.country: 'England' is under-represented (0.3%); native.country: 'England' has only 90 rows; fairness metrics may be unreliable; native.country: 'Jamaica' is under-represented (0.2%); native.country: 'Jamaica' has only 81 rows; fairness metrics may be unreliable; native.country: 'South' is under-represented (0.2%); native.country: 'South' has only 80 rows; fairness metrics may be unreliable; native.country: 'China' is under-represented (0.2%); native.country: 'China' has only 75 rows; fairness metrics may be unreliable; native.country: 'Italy' is under-represented (0.2%); native.country: 'Italy' has only 73 rows; fairness metrics may be unreliable; native.country: 'Dominican-Republic' is under-represented (0.2%); native.country: 'Dominican-Republic' has only 70 rows; fairness metrics may be unreliable; native.country: 'Vietnam' is under-represented (0.2%); native.country: 'Vietnam' has only 67 rows; fairness metrics may be unreliable; native.country: 'Guatemala' is under-represented (0.2%); native.country: 'Guatemala' has only 64 rows; fairness metrics may be unreliable; native.country: 'Japan' is under-represented (0.2%); native.country: 'Japan' has only 62 rows; fairness metrics may be unreliable; native.country: 'Poland' is under-represented (0.2%); native.country: 'Poland' has only 60 rows; fairness metrics may be unreliable; native.country: 'Columbia' is under-represented (0.2%); native.country: 'Columbia' has only 59 rows; fairness metrics may be unreliable; native.country: 'Taiwan' is under-represented (0.2%); native.country: 'Taiwan' has only 51 rows; fairness metrics may be unreliable; native.country: 'Haiti' is under-represented (0.1%); native.country: 'Haiti' has only 44 rows; fairness metrics may be unreliable; native.country: 'Iran' is under-represented (0.1%); native.country: 'Iran' has only 43 rows; fairness metrics may be unreliable; native.country: 'Portugal' is under-represented (0.1%); native.country: 'Portugal' has only 37 rows; fairness metrics may be unreliable; native.country: 'Nicaragua' is under-represented (0.1%); native.country: 'Nicaragua' has only 34 rows; fairness metrics may be unreliable; native.country: 'Peru' is under-represented (0.1%); native.country: 'Peru' has only 31 rows; fairness metrics may be unreliable; native.country: 'France' is under-represented (0.1%); native.country: 'France' has only 29 rows; fairness metrics may be unreliable; native.country: 'Greece' is under-represented (0.1%); native.country: 'Greece' has only 29 rows; fairness metrics may be unreliable; native.country: 'Ecuador' is under-represented (0.1%); native.country: 'Ecuador' has only 28 rows; fairness metrics may be unreliable; native.country: 'Ireland' is under-represented (0.1%); native.country: 'Ireland' has only 24 rows; fairness metrics may be unreliable; native.country: 'Hong' is under-represented (0.1%); native.country: 'Hong' has only 20 rows; fairness metrics may be unreliable; native.country: 'Cambodia' is under-represented (0.1%); native.country: 'Cambodia' has only 19 rows; fairness metrics may be unreliable; native.country: 'Trinadad&Tobago' is under-represented (0.1%); native.country: 'Trinadad&Tobago' has only 19 rows; fairness metrics may be unreliable; native.country: 'Laos' is under-represented (0.1%); native.country: 'Laos' has only 18 rows; fairness metrics may be unreliable; native.country: 'Thailand' is under-represented (0.1%); native.country: 'Thailand' has only 18 rows; fairness metrics may be unreliable; native.country: 'Yugoslavia' is under-represented (0.0%); native.country: 'Yugoslavia' has only 16 rows; fairness metrics may be unreliable; native.country: 'Outlying-US(Guam-USVI-etc)' is under-represented (0.0%); native.country: 'Outlying-US(Guam-USVI-etc)' has only 14 rows; fairness metrics may be unreliable; native.country: 'Honduras' is under-represented (0.0%); native.country: 'Honduras' has only 13 rows; fairness metrics may be unreliable; native.country: 'Hungary' is under-represented (0.0%); native.country: 'Hungary' has only 13 rows; fairness metrics may be unreliable; native.country: 'Scotland' is under-represented (0.0%); native.country: 'Scotland' has only 12 rows; fairness metrics may be unreliable; native.country: 'Holand-Netherlands' is under-represented (0.0%); native.country: 'Holand-Netherlands' has only 1 rows; fairness metrics may be unreliable; native.country: imbalance ratio 29170.0× between largest and smallest group; income: imbalance ratio 3.1× between largest and smallest group; age='0-18' × workclass='?' is only 64 rows; age='0-18' × workclass='Federal-gov' is only 1 rows; age='0-18' × workclass='Local-gov' is only 14 rows; age='0-18' × workclass='Never-worked' is only 1 rows; age='0-18' × workclass='Private' is only 300 rows; age='0-18' × workclass='Self-emp-inc' is only 7 rows; age='0-18' × workclass='Self-emp-not-inc' is only 6 rows; age='0-18' × workclass='State-gov' is only 2 rows; age='0-18' × workclass='Without-pay' is absent; age='18-30' × workclass='Federal-gov' is only 137 rows; age='18-30' × workclass='Never-worked' is only 5 rows; age='18-30' × workclass='Self-emp-inc' is only 94 rows; age='18-30' × workclass='Self-emp-not-inc' is only 298 rows; age='18-30' × workclass='State-gov' is only 316 rows; age='18-30' × workclass='Without-pay' is only 5 rows; age='30-45' × workclass='?' is only 290 rows; age='30-45' × workclass='Never-worked' is only 1 rows; age='30-45' × workclass='Without-pay' is absent; age='45-60' × workclass='?' is only 234 rows; age='45-60' × workclass='Never-worked' is absent; age='45-60' × workclass='Without-pay' is only 2 rows; age='60-75' × workclass='Federal-gov' is only 65 rows; age='60-75' × workclass='Local-gov' is only 154 rows; age='60-75' × workclass='Never-worked' is absent; age='60-75' × workclass='Self-emp-inc' is only 135 rows; age='60-75' × workclass='State-gov' is only 85 rows; age='60-75' × workclass='Without-pay' is only 7 rows; age='75+' × workclass='?' is only 80 rows; age='75+' × workclass='Federal-gov' is only 3 rows; age='75+' × workclass='Local-gov' is only 17 rows; age='75+' × workclass='Never-worked' is absent; age='75+' × workclass='Private' is only 108 rows; age='75+' × workclass='Self-emp-inc' is only 22 rows; age='75+' × workclass='Self-emp-not-inc' is only 54 rows; age='75+' × workclass='State-gov' is only 2 rows; age='75+' × workclass='Without-pay' is absent
